{"ProjectWatches":"{\"Value\":[]}","ProjectBreakpoints":"{\"Value\":{}}","ProjectBreakpointSettingValue":"{\"Value\":{\"Process.xaml\":[],\"Comparing_data.xaml\":[],\"Framework/GetTransactionData.xaml\":[],\"System1/System1_ExtractClientInformation.xaml\":[],\"Main.xaml\":[],\"../Assesment2.xaml\":[],\"Framework/InitAllSettings.xaml\":[],\"Framework/InitAllApplications.xaml\":[],\"Extracting_Activity_data.xaml\":[],\"testflow.xaml\":[],\"ActivityDataExtraction.xaml\":[],\"UiPath_Update.xaml\":[],\"Date_management.xaml\":[]}}"}